Operation,Date,Duration
"accelerator/layouts/Default.astro",2023-07-24T13:55:05.741Z,15.47179999994114
"accelerator/components/SkipLinks.astro",2023-07-24T13:55:05.750Z,0.004999999888241291
"accelerator/components/Header.astro",2023-07-24T13:55:05.899Z,148.77409999957308
"accelerator/components/Breadcrumbs.astro",2023-07-24T13:55:05.914Z,13.853099999949336
"accelerator/components/Navigation.astro",2023-07-24T13:55:05.944Z,28.223699999973178
"accelerator/components/TableOfContents.astro",2023-07-24T13:55:05.945Z,0.00430000014603138
"accelerator/components/Authors.astro",2023-07-24T13:55:05.958Z,11.314900000113994
"accelerator/components/Taxonomy.astro",2023-07-24T13:55:05.959Z,0.12820000015199184
"accelerator/components/Related.astro",2023-07-24T13:55:05.959Z,0.007400000002235174
"accelerator/components/Footer.astro",2023-07-24T13:55:05.977Z,16.537099999841303
"accelerator/components/HtmlHead.astro",2023-07-24T13:55:05.978Z,232.19389999983832
"accelerator/components/Copyright.astro",2023-07-24T13:55:05.981Z,0.0029000001959502697
"accelerator/components/NavigationItem.astro",2023-07-24T13:55:05.982Z,0.004600000102072954
"accelerator/components/NavigationItem.astro",2023-07-24T13:55:05.982Z,0.0037000002339482307
"accelerator/components/NavigationItem.astro",2023-07-24T13:55:05.987Z,0.00409999955445528
"accelerator/components/NavigationItem.astro",2023-07-24T13:55:05.987Z,0.003599999938160181
"accelerator/components/NavigationItem.astro",2023-07-24T13:55:05.987Z,0.003199999686330557
"accelerator/components/FooterItem.astro",2023-07-24T13:55:05.988Z,0.003200000151991844
"accelerator/components/FooterItem.astro",2023-07-24T13:55:05.989Z,0.002399999648332596
"accelerator/components/FooterItem.astro",2023-07-24T13:55:05.989Z,0.002400000113993883
"accelerator/components/NavigationItem.astro",2023-07-24T13:55:05.991Z,0.003900000359863043
"accelerator/components/NavigationItem.astro",2023-07-24T13:55:05.991Z,0.003599999938160181
"accelerator/components/NavigationItem.astro",2023-07-24T13:55:05.992Z,0.00279999990016222
"accelerator/components/NavigationItem.astro",2023-07-24T13:55:05.992Z,0.003000000026077032
"accelerator/components/NavigationItem.astro",2023-07-24T13:55:05.992Z,0.0026000002399086952
"accelerator/components/NavigationItem.astro",2023-07-24T13:55:05.992Z,0.003000000026077032
"accelerator/components/NavigationItem.astro",2023-07-24T13:55:05.992Z,0.004999999888241291
"accelerator/components/NavigationItem.astro",2023-07-24T13:55:05.993Z,0.0027000000700354576
"accelerator/components/NavigationItem.astro",2023-07-24T13:55:05.993Z,0.002199999988079071
"accelerator/components/NavigationItem.astro",2023-07-24T13:55:05.993Z,0.0023000002838671207
"accelerator/components/NavigationItem.astro",2023-07-24T13:55:05.993Z,0.007099999580532312
"accelerator/components/NavigationItem.astro",2023-07-24T13:55:05.994Z,0.002400000113993883
"accelerator/components/NavigationItem.astro",2023-07-24T13:55:06.001Z,0.00419999985024333
"accelerator/components/NavigationItem.astro",2023-07-24T13:55:06.002Z,0.0027000000700354576
"accelerator/components/NavigationItem.astro",2023-07-24T13:55:06.002Z,0.003199999686330557
"accelerator/components/NavigationItem.astro",2023-07-24T13:55:06.002Z,0.003399999812245369
"accelerator/components/NavigationItem.astro",2023-07-24T13:55:06.002Z,0.0027000000700354576
"accelerator/components/NavigationItem.astro",2023-07-24T13:55:06.005Z,0.00279999990016222
"accelerator/layouts/Default.astro",2023-07-24T13:55:06.220Z,0.7215999998152256
"accelerator/components/SkipLinks.astro",2023-07-24T13:55:06.222Z,0.003300000447779894
"accelerator/components/Header.astro",2023-07-24T13:55:06.235Z,12.879499999806285
"accelerator/components/Breadcrumbs.astro",2023-07-24T13:55:06.259Z,23.618400000035763
"accelerator/components/Navigation.astro",2023-07-24T13:55:06.294Z,34.60880000004545
"accelerator/components/TableOfContents.astro",2023-07-24T13:55:06.294Z,0.0036999997682869434
"accelerator/components/Authors.astro",2023-07-24T13:55:06.332Z,36.50249999994412
"accelerator/components/Taxonomy.astro",2023-07-24T13:55:06.332Z,0.038800000213086605
"accelerator/components/Related.astro",2023-07-24T13:55:06.333Z,0.005799999926239252
"accelerator/components/Footer.astro",2023-07-24T13:55:06.373Z,40.30790000036359
"accelerator/components/HtmlHead.astro",2023-07-24T13:55:06.374Z,152.62349999975413
"accelerator/components/Copyright.astro",2023-07-24T13:55:06.375Z,0.0029999995604157448
"accelerator/components/NavigationItem.astro",2023-07-24T13:55:06.375Z,0.00279999990016222
"accelerator/components/NavigationItem.astro",2023-07-24T13:55:06.376Z,0.002599999774247408
"accelerator/components/NavigationItem.astro",2023-07-24T13:55:06.376Z,0.002599999774247408
"accelerator/components/NavigationItem.astro",2023-07-24T13:55:06.376Z,0.0028999997302889824
"accelerator/components/NavigationItem.astro",2023-07-24T13:55:06.376Z,0.002400000113993883
"accelerator/components/FooterItem.astro",2023-07-24T13:55:06.377Z,0.002199999988079071
"accelerator/components/FooterItem.astro",2023-07-24T13:55:06.377Z,0.0018000002019107342
"accelerator/components/FooterItem.astro",2023-07-24T13:55:06.377Z,0.0020000003278255463
"accelerator/components/NavigationItem.astro",2023-07-24T13:55:06.380Z,0.0035000001080334187
"accelerator/components/NavigationItem.astro",2023-07-24T13:55:06.380Z,0.0028000003658235073
"accelerator/components/NavigationItem.astro",2023-07-24T13:55:06.380Z,0.0023000002838671207
"accelerator/components/NavigationItem.astro",2023-07-24T13:55:06.380Z,0.002399999648332596
"accelerator/components/NavigationItem.astro",2023-07-24T13:55:06.380Z,0.002199999988079071
"accelerator/components/NavigationItem.astro",2023-07-24T13:55:06.380Z,0.002599999774247408
"accelerator/components/NavigationItem.astro",2023-07-24T13:55:06.381Z,0.002199999988079071
"accelerator/components/NavigationItem.astro",2023-07-24T13:55:06.381Z,0.0022999998182058334
"accelerator/components/NavigationItem.astro",2023-07-24T13:55:06.381Z,0.0018999995663762093
"accelerator/components/NavigationItem.astro",2023-07-24T13:55:06.381Z,0.0023000002838671207
"accelerator/components/NavigationItem.astro",2023-07-24T13:55:06.381Z,0.0021000001579523087
"accelerator/components/NavigationItem.astro",2023-07-24T13:55:06.381Z,0.0027000000700354576
"accelerator/components/NavigationItem.astro",2023-07-24T13:55:06.382Z,0.0026000002399086952
"accelerator/components/NavigationItem.astro",2023-07-24T13:55:06.382Z,0.0020000003278255463
"accelerator/components/NavigationItem.astro",2023-07-24T13:55:06.382Z,0.002199999988079071
"accelerator/components/NavigationItem.astro",2023-07-24T13:55:06.382Z,0.0019000000320374966
"accelerator/components/NavigationItem.astro",2023-07-24T13:55:06.382Z,0.0022999998182058334
"accelerator/components/NavigationItem.astro",2023-07-24T13:55:06.382Z,0.0024999999441206455
"accelerator/layouts/Default.astro",2023-07-24T13:55:06.460Z,0.6408999999985099
"accelerator/components/SkipLinks.astro",2023-07-24T13:55:06.462Z,0.0027000000700354576
"accelerator/components/Header.astro",2023-07-24T13:55:06.473Z,10.687899999786168
"accelerator/components/Breadcrumbs.astro",2023-07-24T13:55:06.484Z,10.455299999564886
"accelerator/components/Navigation.astro",2023-07-24T13:55:06.507Z,22.683399999979883
"accelerator/components/TableOfContents.astro",2023-07-24T13:55:06.507Z,0.00430000014603138
"accelerator/components/Authors.astro",2023-07-24T13:55:06.519Z,11.120899999979883
"accelerator/components/Taxonomy.astro",2023-07-24T13:55:06.519Z,0.032300000078976154
"accelerator/components/Related.astro",2023-07-24T13:55:06.519Z,0.006399999838322401
"accelerator/components/Footer.astro",2023-07-24T13:55:06.539Z,18.838800000026822
"accelerator/components/HtmlHead.astro",2023-07-24T13:55:06.539Z,78.27719999989495
"accelerator/components/Copyright.astro",2023-07-24T13:55:06.540Z,0.0027000000700354576
"accelerator/components/NavigationItem.astro",2023-07-24T13:55:06.541Z,0.004100000020116568
"accelerator/components/NavigationItem.astro",2023-07-24T13:55:06.541Z,0.003100000321865082
"accelerator/components/NavigationItem.astro",2023-07-24T13:55:06.541Z,0.0032999999821186066
"accelerator/components/NavigationItem.astro",2023-07-24T13:55:06.542Z,0.003399999812245369
"accelerator/components/NavigationItem.astro",2023-07-24T13:55:06.542Z,0.0029000001959502697
"accelerator/components/FooterItem.astro",2023-07-24T13:55:06.542Z,0.0024999999441206455
"accelerator/components/FooterItem.astro",2023-07-24T13:55:06.543Z,0.0027000000700354576
"accelerator/components/FooterItem.astro",2023-07-24T13:55:06.543Z,0.002400000113993883
"accelerator/components/NavigationItem.astro",2023-07-24T13:55:06.551Z,0.0038999998942017555
"accelerator/components/NavigationItem.astro",2023-07-24T13:55:06.551Z,0.003199999686330557
"accelerator/components/NavigationItem.astro",2023-07-24T13:55:06.552Z,0.003200000151991844
"accelerator/components/NavigationItem.astro",2023-07-24T13:55:06.552Z,0.002500000409781933
"accelerator/components/NavigationItem.astro",2023-07-24T13:55:06.552Z,0.002599999774247408
"accelerator/components/NavigationItem.astro",2023-07-24T13:55:06.553Z,0.00279999990016222
"accelerator/components/NavigationItem.astro",2023-07-24T13:55:06.553Z,0.0030999998562037945
"accelerator/components/NavigationItem.astro",2023-07-24T13:55:06.553Z,0.0028000003658235073
"accelerator/components/NavigationItem.astro",2023-07-24T13:55:06.553Z,0.002599999774247408
"accelerator/components/NavigationItem.astro",2023-07-24T13:55:06.554Z,0.0027000000700354576
"accelerator/components/NavigationItem.astro",2023-07-24T13:55:06.554Z,0.003100000321865082
"accelerator/components/NavigationItem.astro",2023-07-24T13:55:06.554Z,0.0029000001959502697
"accelerator/components/NavigationItem.astro",2023-07-24T13:55:06.555Z,0.0026000002399086952
"accelerator/components/NavigationItem.astro",2023-07-24T13:55:06.555Z,0.0026000002399086952
"accelerator/components/NavigationItem.astro",2023-07-24T13:55:06.555Z,0.0027000000700354576
"accelerator/components/NavigationItem.astro",2023-07-24T13:55:06.556Z,0.0024999999441206455
"accelerator/components/NavigationItem.astro",2023-07-24T13:55:06.556Z,0.0024999999441206455
"accelerator/components/NavigationItem.astro",2023-07-24T13:55:06.556Z,0.0034000002779066563
"accelerator/layouts/Default.astro",2023-07-24T13:55:06.611Z,0.6534000001847744
"accelerator/components/SkipLinks.astro",2023-07-24T13:55:06.612Z,0.0026000002399086952
"accelerator/components/Header.astro",2023-07-24T13:55:06.623Z,10.379499999806285
"accelerator/components/Breadcrumbs.astro",2023-07-24T13:55:06.634Z,10.599300000350922
"accelerator/components/Navigation.astro",2023-07-24T13:55:06.657Z,22.812999999616295
"accelerator/components/TableOfContents.astro",2023-07-24T13:55:06.658Z,0.004000000189989805
"accelerator/components/Authors.astro",2023-07-24T13:55:06.671Z,12.720600000116974
"accelerator/components/Taxonomy.astro",2023-07-24T13:55:06.671Z,0.033700000029057264
"accelerator/components/Related.astro",2023-07-24T13:55:06.672Z,0.008599999826401472
"accelerator/components/Footer.astro",2023-07-24T13:55:06.692Z,19.493699999991804
"accelerator/components/HtmlHead.astro",2023-07-24T13:55:06.692Z,80.50620000017807
"accelerator/components/Copyright.astro",2023-07-24T13:55:06.693Z,0.002400000113993883
"accelerator/components/NavigationItem.astro",2023-07-24T13:55:06.693Z,0.0030999998562037945
"accelerator/components/NavigationItem.astro",2023-07-24T13:55:06.694Z,0.0029999995604157448
"accelerator/components/NavigationItem.astro",2023-07-24T13:55:06.694Z,0.0027000000700354576
"accelerator/components/NavigationItem.astro",2023-07-24T13:55:06.694Z,0.003000000026077032
"accelerator/components/NavigationItem.astro",2023-07-24T13:55:06.695Z,0.0027000000700354576
"accelerator/components/FooterItem.astro",2023-07-24T13:55:06.695Z,0.003399999812245369
"accelerator/components/FooterItem.astro",2023-07-24T13:55:06.696Z,0.0021000001579523087
"accelerator/components/FooterItem.astro",2023-07-24T13:55:06.696Z,0.002199999988079071
"accelerator/components/NavigationItem.astro",2023-07-24T13:55:06.698Z,0.0029000001959502697
"accelerator/components/NavigationItem.astro",2023-07-24T13:55:06.699Z,0.0027000000700354576
"accelerator/components/NavigationItem.astro",2023-07-24T13:55:06.699Z,0.0029000001959502697
"accelerator/components/NavigationItem.astro",2023-07-24T13:55:06.700Z,0.0027000000700354576
"accelerator/components/NavigationItem.astro",2023-07-24T13:55:06.700Z,0.0027000000700354576
"accelerator/components/NavigationItem.astro",2023-07-24T13:55:06.700Z,0.0027000000700354576
"accelerator/components/NavigationItem.astro",2023-07-24T13:55:06.701Z,0.002599999774247408
"accelerator/components/NavigationItem.astro",2023-07-24T13:55:06.701Z,0.0028000003658235073
"accelerator/components/NavigationItem.astro",2023-07-24T13:55:06.701Z,0.0027000000700354576
"accelerator/components/NavigationItem.astro",2023-07-24T13:55:06.702Z,0.0024999999441206455
"accelerator/components/NavigationItem.astro",2023-07-24T13:55:06.702Z,0.0027000000700354576
"accelerator/components/NavigationItem.astro",2023-07-24T13:55:06.702Z,0.002599999774247408
"accelerator/components/NavigationItem.astro",2023-07-24T13:55:06.702Z,0.0028999997302889824
"accelerator/components/NavigationItem.astro",2023-07-24T13:55:06.703Z,0.0026000002399086952
"accelerator/components/NavigationItem.astro",2023-07-24T13:55:06.703Z,0.0032999999821186066
"accelerator/components/NavigationItem.astro",2023-07-24T13:55:06.703Z,0.0027000000700354576
"accelerator/components/NavigationItem.astro",2023-07-24T13:55:06.704Z,0.0028000003658235073
"accelerator/components/NavigationItem.astro",2023-07-24T13:55:06.704Z,0.0028000003658235073
"accelerator/layouts/Default.astro",2023-07-24T13:55:06.751Z,1.8757000002078712
"accelerator/components/SkipLinks.astro",2023-07-24T13:55:06.752Z,0.00279999990016222
"accelerator/components/Header.astro",2023-07-24T13:55:06.767Z,14.694099999964237
"accelerator/components/Breadcrumbs.astro",2023-07-24T13:55:06.780Z,11.938300000037998
"accelerator/components/Navigation.astro",2023-07-24T13:55:06.813Z,32.063300000038
"accelerator/components/TableOfContents.astro",2023-07-24T13:55:06.814Z,0.026699999812990427
"accelerator/components/Authors.astro",2023-07-24T13:55:06.827Z,12.602200000081211
"accelerator/components/Taxonomy.astro",2023-07-24T13:55:06.828Z,0.16419999999925494
"accelerator/components/Related.astro",2023-07-24T13:55:06.828Z,0.010799999814480543
"accelerator/components/Footer.astro",2023-07-24T13:55:06.844Z,15.841899999883026
"accelerator/components/HtmlHead.astro",2023-07-24T13:55:06.845Z,93.49539999989793
"accelerator/components/Copyright.astro",2023-07-24T13:55:06.846Z,0.002599999774247408
"accelerator/components/NavigationItem.astro",2023-07-24T13:55:06.846Z,0.0035000001080334187
"accelerator/components/NavigationItem.astro",2023-07-24T13:55:06.846Z,0.003800000064074993
"accelerator/components/NavigationItem.astro",2023-07-24T13:55:06.847Z,0.0030999998562037945
"accelerator/components/NavigationItem.astro",2023-07-24T13:55:06.847Z,0.00279999990016222
"accelerator/components/NavigationItem.astro",2023-07-24T13:55:06.847Z,0.0028000003658235073
"accelerator/components/FooterItem.astro",2023-07-24T13:55:06.848Z,0.002199999988079071
"accelerator/components/FooterItem.astro",2023-07-24T13:55:06.848Z,0.0023000002838671207
"accelerator/components/FooterItem.astro",2023-07-24T13:55:06.848Z,0.0023000002838671207
"accelerator/components/NavigationItem.astro",2023-07-24T13:55:06.856Z,0.004900000058114529
"accelerator/components/NavigationItem.astro",2023-07-24T13:55:06.856Z,0.003800000064074993
"accelerator/components/NavigationItem.astro",2023-07-24T13:55:06.857Z,0.0032999999821186066
"accelerator/components/NavigationItem.astro",2023-07-24T13:55:06.857Z,0.0028000003658235073
"accelerator/components/NavigationItem.astro",2023-07-24T13:55:06.857Z,0.00279999990016222
"accelerator/components/NavigationItem.astro",2023-07-24T13:55:06.858Z,0.003200000151991844
"accelerator/components/NavigationItem.astro",2023-07-24T13:55:06.858Z,0.0029000001959502697
"accelerator/components/NavigationItem.astro",2023-07-24T13:55:06.858Z,0.0030999998562037945
"accelerator/components/NavigationItem.astro",2023-07-24T13:55:06.859Z,0.003000000026077032
"accelerator/components/NavigationItem.astro",2023-07-24T13:55:06.859Z,0.00279999990016222
"accelerator/components/NavigationItem.astro",2023-07-24T13:55:06.859Z,0.0030999998562037945
"accelerator/components/NavigationItem.astro",2023-07-24T13:55:06.860Z,0.0030999998562037945
"accelerator/components/NavigationItem.astro",2023-07-24T13:55:06.860Z,0.003000000026077032
"accelerator/components/NavigationItem.astro",2023-07-24T13:55:06.860Z,0.003100000321865082
"accelerator/components/NavigationItem.astro",2023-07-24T13:55:06.860Z,0.003200000151991844
"accelerator/components/NavigationItem.astro",2023-07-24T13:55:06.861Z,0.0028999997302889824
"accelerator/components/NavigationItem.astro",2023-07-24T13:55:06.861Z,0.0028000003658235073
"accelerator/components/NavigationItem.astro",2023-07-24T13:55:06.861Z,0.0027000000700354576
"accelerator/layouts/Default.astro",2023-07-24T13:55:06.906Z,0.7394000003114343
"accelerator/components/SkipLinks.astro",2023-07-24T13:55:06.907Z,0.003000000026077032
"accelerator/components/Header.astro",2023-07-24T13:55:06.918Z,10.2640999997966
"accelerator/components/Breadcrumbs.astro",2023-07-24T13:55:06.929Z,10.206900000106543
"accelerator/components/Navigation.astro",2023-07-24T13:55:06.954Z,24.824499999638647
"accelerator/components/TableOfContents.astro",2023-07-24T13:55:06.955Z,0.004900000058114529
"accelerator/components/Authors.astro",2023-07-24T13:55:06.965Z,10.23769999993965
"accelerator/components/Taxonomy.astro",2023-07-24T13:55:06.966Z,0.03209999995306134
"accelerator/components/Related.astro",2023-07-24T13:55:06.966Z,0.006700000260025263
"accelerator/components/Footer.astro",2023-07-24T13:55:06.981Z,14.005099999718368
"accelerator/components/HtmlHead.astro",2023-07-24T13:55:06.981Z,74.3242999999784
"accelerator/components/Copyright.astro",2023-07-24T13:55:06.982Z,0.0028999997302889824
"accelerator/components/NavigationItem.astro",2023-07-24T13:55:06.982Z,0.0037000002339482307
"accelerator/components/NavigationItem.astro",2023-07-24T13:55:06.983Z,0.0029000001959502697
"accelerator/components/NavigationItem.astro",2023-07-24T13:55:06.983Z,0.003399999812245369
"accelerator/components/NavigationItem.astro",2023-07-24T13:55:06.983Z,0.003599999938160181
"accelerator/components/NavigationItem.astro",2023-07-24T13:55:06.984Z,0.0029000001959502697
"accelerator/components/FooterItem.astro",2023-07-24T13:55:06.984Z,0.002500000409781933
"accelerator/components/FooterItem.astro",2023-07-24T13:55:06.984Z,0.002400000113993883
"accelerator/components/FooterItem.astro",2023-07-24T13:55:06.985Z,0.002199999988079071
"accelerator/components/NavigationItem.astro",2023-07-24T13:55:06.986Z,0.0030999998562037945
"accelerator/components/NavigationItem.astro",2023-07-24T13:55:06.987Z,0.003200000151991844
"accelerator/components/NavigationItem.astro",2023-07-24T13:55:06.987Z,0.003000000026077032
"accelerator/components/NavigationItem.astro",2023-07-24T13:55:06.987Z,0.0028999997302889824
"accelerator/components/NavigationItem.astro",2023-07-24T13:55:06.988Z,0.002399999648332596
"accelerator/components/NavigationItem.astro",2023-07-24T13:55:06.988Z,0.002599999774247408
"accelerator/components/NavigationItem.astro",2023-07-24T13:55:06.988Z,0.003800000064074993
"accelerator/components/NavigationItem.astro",2023-07-24T13:55:06.989Z,0.00279999990016222
"accelerator/components/NavigationItem.astro",2023-07-24T13:55:06.989Z,0.0027000000700354576
"accelerator/components/NavigationItem.astro",2023-07-24T13:55:06.989Z,0.003100000321865082
"accelerator/components/NavigationItem.astro",2023-07-24T13:55:06.990Z,0.0032999999821186066
"accelerator/components/NavigationItem.astro",2023-07-24T13:55:06.990Z,0.003000000026077032
"accelerator/components/NavigationItem.astro",2023-07-24T13:55:06.990Z,0.0026999996043741703
"accelerator/components/NavigationItem.astro",2023-07-24T13:55:06.991Z,0.003000000026077032
"accelerator/components/NavigationItem.astro",2023-07-24T13:55:06.991Z,0.0030999998562037945
"accelerator/components/NavigationItem.astro",2023-07-24T13:55:06.991Z,0.003000000026077032
"accelerator/components/NavigationItem.astro",2023-07-24T13:55:06.992Z,0.0026000002399086952
"accelerator/components/NavigationItem.astro",2023-07-24T13:55:06.992Z,0.0026000002399086952
"accelerator/layouts/Default.astro",2023-07-24T13:55:07.070Z,0.5748000000603497
"accelerator/components/SkipLinks.astro",2023-07-24T13:55:07.071Z,0.0022999998182058334
"accelerator/components/Header.astro",2023-07-24T13:55:07.083Z,12.15210000006482
"accelerator/components/Breadcrumbs.astro",2023-07-24T13:55:07.096Z,12.314600000157952
"accelerator/components/Navigation.astro",2023-07-24T13:55:07.131Z,34.762800000142306
"accelerator/components/TableOfContents.astro",2023-07-24T13:55:07.132Z,0.005000000353902578
"accelerator/components/Authors.astro",2023-07-24T13:55:07.144Z,11.919999999925494
"accelerator/components/Taxonomy.astro",2023-07-24T13:55:07.144Z,0.019700000062584877
"accelerator/components/Related.astro",2023-07-24T13:55:07.145Z,0.006000000052154064
"accelerator/components/Footer.astro",2023-07-24T13:55:07.166Z,21.404699999839067
"accelerator/components/HtmlHead.astro",2023-07-24T13:55:07.167Z,96.56740000005811
"accelerator/components/Copyright.astro",2023-07-24T13:55:07.168Z,0.002199999988079071
"accelerator/components/NavigationItem.astro",2023-07-24T13:55:07.168Z,0.003399999812245369
"accelerator/components/NavigationItem.astro",2023-07-24T13:55:07.169Z,0.003200000151991844
"accelerator/components/NavigationItem.astro",2023-07-24T13:55:07.169Z,0.0030999998562037945
"accelerator/components/NavigationItem.astro",2023-07-24T13:55:07.170Z,0.003000000026077032
"accelerator/components/NavigationItem.astro",2023-07-24T13:55:07.170Z,0.0026999996043741703
"accelerator/components/FooterItem.astro",2023-07-24T13:55:07.170Z,0.0022999998182058334
"accelerator/components/FooterItem.astro",2023-07-24T13:55:07.170Z,0.002199999988079071
"accelerator/components/FooterItem.astro",2023-07-24T13:55:07.171Z,0.0020999996922910213
"accelerator/components/NavigationItem.astro",2023-07-24T13:55:07.173Z,0.003200000151991844
"accelerator/components/NavigationItem.astro",2023-07-24T13:55:07.173Z,0.003599999938160181
"accelerator/components/NavigationItem.astro",2023-07-24T13:55:07.174Z,0.0027000000700354576
"accelerator/components/NavigationItem.astro",2023-07-24T13:55:07.174Z,0.0028000003658235073
"accelerator/components/NavigationItem.astro",2023-07-24T13:55:07.175Z,0.0028999997302889824
"accelerator/components/NavigationItem.astro",2023-07-24T13:55:07.175Z,0.0027000000700354576
"accelerator/components/NavigationItem.astro",2023-07-24T13:55:07.175Z,0.00279999990016222
"accelerator/components/NavigationItem.astro",2023-07-24T13:55:07.176Z,0.0024999999441206455
"accelerator/components/NavigationItem.astro",2023-07-24T13:55:07.176Z,0.0027000000700354576
"accelerator/components/NavigationItem.astro",2023-07-24T13:55:07.176Z,0.003000000026077032
"accelerator/components/NavigationItem.astro",2023-07-24T13:55:07.176Z,0.002599999774247408
"accelerator/components/NavigationItem.astro",2023-07-24T13:55:07.177Z,0.003200000151991844
"accelerator/components/NavigationItem.astro",2023-07-24T13:55:07.177Z,0.0032999999821186066
"accelerator/components/NavigationItem.astro",2023-07-24T13:55:07.177Z,0.00279999990016222
"accelerator/components/NavigationItem.astro",2023-07-24T13:55:07.178Z,0.003000000026077032
"accelerator/components/NavigationItem.astro",2023-07-24T13:55:07.178Z,0.003000000026077032
"accelerator/components/NavigationItem.astro",2023-07-24T13:55:07.178Z,0.0026999996043741703
"accelerator/components/NavigationItem.astro",2023-07-24T13:55:07.179Z,0.0027000000700354576
"accelerator/layouts/Default.astro",2023-07-24T13:55:07.249Z,0.6483999998308718
"accelerator/components/SkipLinks.astro",2023-07-24T13:55:07.250Z,0.00279999990016222
"accelerator/components/Header.astro",2023-07-24T13:55:07.262Z,11.484199999831617
"accelerator/components/Breadcrumbs.astro",2023-07-24T13:55:07.275Z,13.300400000065565
"accelerator/components/Navigation.astro",2023-07-24T13:55:07.305Z,28.78179999999702
"accelerator/components/TableOfContents.astro",2023-07-24T13:55:07.305Z,0.004500000271946192
"accelerator/components/Authors.astro",2023-07-24T13:55:07.342Z,35.91110000014305
"accelerator/components/Taxonomy.astro",2023-07-24T13:55:07.342Z,0.02199999988079071
"accelerator/components/Related.astro",2023-07-24T13:55:07.342Z,0.006700000260025263
"accelerator/components/Footer.astro",2023-07-24T13:55:07.364Z,21.16510000033304
"accelerator/components/HtmlHead.astro",2023-07-24T13:55:07.364Z,115.16550000011921
"accelerator/components/Copyright.astro",2023-07-24T13:55:07.365Z,0.002400000113993883
"accelerator/components/NavigationItem.astro",2023-07-24T13:55:07.366Z,0.0037000002339482307
"accelerator/components/NavigationItem.astro",2023-07-24T13:55:07.366Z,0.0035000001080334187
"accelerator/components/NavigationItem.astro",2023-07-24T13:55:07.366Z,0.003200000151991844
"accelerator/components/NavigationItem.astro",2023-07-24T13:55:07.367Z,0.003800000064074993
"accelerator/components/NavigationItem.astro",2023-07-24T13:55:07.368Z,0.003200000151991844
"accelerator/components/FooterItem.astro",2023-07-24T13:55:07.369Z,0.002199999988079071
"accelerator/components/FooterItem.astro",2023-07-24T13:55:07.369Z,0.002199999988079071
"accelerator/components/FooterItem.astro",2023-07-24T13:55:07.369Z,0.0020999996922910213
"accelerator/components/NavigationItem.astro",2023-07-24T13:55:07.373Z,0.0029000001959502697
"accelerator/components/NavigationItem.astro",2023-07-24T13:55:07.373Z,0.003000000026077032
"accelerator/components/NavigationItem.astro",2023-07-24T13:55:07.373Z,0.0027000000700354576
"accelerator/components/NavigationItem.astro",2023-07-24T13:55:07.374Z,0.0026000002399086952
"accelerator/components/NavigationItem.astro",2023-07-24T13:55:07.374Z,0.0027000000700354576
"accelerator/components/NavigationItem.astro",2023-07-24T13:55:07.374Z,0.003000000026077032
"accelerator/components/NavigationItem.astro",2023-07-24T13:55:07.374Z,0.004400000441819429
"accelerator/components/NavigationItem.astro",2023-07-24T13:55:07.375Z,0.0028000003658235073
"accelerator/components/NavigationItem.astro",2023-07-24T13:55:07.375Z,0.0026000002399086952
"accelerator/components/NavigationItem.astro",2023-07-24T13:55:07.375Z,0.00279999990016222
"accelerator/components/NavigationItem.astro",2023-07-24T13:55:07.375Z,0.00279999990016222
"accelerator/components/NavigationItem.astro",2023-07-24T13:55:07.376Z,0.003000000026077032
"accelerator/components/NavigationItem.astro",2023-07-24T13:55:07.376Z,0.003199999686330557
"accelerator/components/NavigationItem.astro",2023-07-24T13:55:07.376Z,0.0026000002399086952
"accelerator/components/NavigationItem.astro",2023-07-24T13:55:07.376Z,0.003100000321865082
"accelerator/components/NavigationItem.astro",2023-07-24T13:55:07.377Z,0.004100000020116568
"accelerator/components/NavigationItem.astro",2023-07-24T13:55:07.377Z,0.0030999998562037945
"accelerator/components/NavigationItem.astro",2023-07-24T13:55:07.380Z,0.0022999998182058334
"accelerator/layouts/Default.astro",2023-07-24T13:55:07.441Z,1.4880999997258186
"accelerator/components/SkipLinks.astro",2023-07-24T13:55:07.442Z,0.0029000001959502697
"accelerator/components/Header.astro",2023-07-24T13:55:07.461Z,14.117499999701977
"accelerator/components/Breadcrumbs.astro",2023-07-24T13:55:07.489Z,27.83999999985099
"accelerator/components/Navigation.astro",2023-07-24T13:55:07.533Z,43.42909999983385
"accelerator/components/TableOfContents.astro",2023-07-24T13:55:07.540Z,0.0050999997183680534
"accelerator/components/Authors.astro",2023-07-24T13:55:07.574Z,33.9698999999091
"accelerator/components/Taxonomy.astro",2023-07-24T13:55:07.575Z,0.022600000258535147
"accelerator/components/Related.astro",2023-07-24T13:55:07.575Z,0.010499999858438969
"accelerator/components/Footer.astro",2023-07-24T13:55:07.610Z,34.412000000011176
"accelerator/components/HtmlHead.astro",2023-07-24T13:55:07.612Z,170.10160000016913
"accelerator/components/Copyright.astro",2023-07-24T13:55:07.619Z,0.00419999985024333
"accelerator/components/NavigationItem.astro",2023-07-24T13:55:07.620Z,0.0032999999821186066
"accelerator/components/NavigationItem.astro",2023-07-24T13:55:07.620Z,0.0032999999821186066
"accelerator/components/NavigationItem.astro",2023-07-24T13:55:07.620Z,0.00279999990016222
"accelerator/components/NavigationItem.astro",2023-07-24T13:55:07.620Z,0.0021000001579523087
"accelerator/components/NavigationItem.astro",2023-07-24T13:55:07.620Z,0.001600000075995922
"accelerator/components/FooterItem.astro",2023-07-24T13:55:07.620Z,0.0018000002019107342
"accelerator/components/FooterItem.astro",2023-07-24T13:55:07.621Z,0.0017999997362494469
"accelerator/components/FooterItem.astro",2023-07-24T13:55:07.621Z,0.001999999862164259
"accelerator/components/NavigationItem.astro",2023-07-24T13:55:07.628Z,0.003599999938160181
"accelerator/components/NavigationItem.astro",2023-07-24T13:55:07.629Z,0.003000000026077032
"accelerator/components/NavigationItem.astro",2023-07-24T13:55:07.630Z,0.003000000026077032
"accelerator/components/NavigationItem.astro",2023-07-24T13:55:07.630Z,0.002400000113993883
"accelerator/components/NavigationItem.astro",2023-07-24T13:55:07.630Z,0.002599999774247408
"accelerator/components/NavigationItem.astro",2023-07-24T13:55:07.631Z,0.0029000001959502697
"accelerator/components/NavigationItem.astro",2023-07-24T13:55:07.631Z,0.002599999774247408
"accelerator/components/NavigationItem.astro",2023-07-24T13:55:07.631Z,0.0024999999441206455
"accelerator/components/NavigationItem.astro",2023-07-24T13:55:07.631Z,0.002599999774247408
"accelerator/components/NavigationItem.astro",2023-07-24T13:55:07.632Z,0.0026000002399086952
"accelerator/components/NavigationItem.astro",2023-07-24T13:55:07.632Z,0.0029000001959502697
"accelerator/components/NavigationItem.astro",2023-07-24T13:55:07.632Z,0.002400000113993883
"accelerator/components/NavigationItem.astro",2023-07-24T13:55:07.633Z,0.002400000113993883
"accelerator/components/NavigationItem.astro",2023-07-24T13:55:07.633Z,0.0024999999441206455
"accelerator/components/NavigationItem.astro",2023-07-24T13:55:07.633Z,0.0026999996043741703
"accelerator/components/NavigationItem.astro",2023-07-24T13:55:07.633Z,0.0027000000700354576
"accelerator/components/NavigationItem.astro",2023-07-24T13:55:07.634Z,0.0026000002399086952
"accelerator/components/NavigationItem.astro",2023-07-24T13:55:07.634Z,0.002599999774247408
"accelerator/layouts/Default.astro",2023-07-24T13:55:07.709Z,0.6365999998524785
"accelerator/components/SkipLinks.astro",2023-07-24T13:55:07.710Z,0.003199999686330557
"accelerator/components/Header.astro",2023-07-24T13:55:07.744Z,33.36860000016168
"accelerator/components/Breadcrumbs.astro",2023-07-24T13:55:07.766Z,15.21889999974519
"accelerator/components/Navigation.astro",2023-07-24T13:55:07.795Z,28.909099999815226
"accelerator/components/TableOfContents.astro",2023-07-24T13:55:07.796Z,0.0035000001080334187
"accelerator/components/Authors.astro",2023-07-24T13:55:07.830Z,34.43889999995008
"accelerator/components/Taxonomy.astro",2023-07-24T13:55:07.831Z,0.0217999997548759
"accelerator/components/Related.astro",2023-07-24T13:55:07.831Z,0.007400000002235174
"accelerator/components/Footer.astro",2023-07-24T13:55:07.842Z,11.022200000006706
"accelerator/components/HtmlHead.astro",2023-07-24T13:55:07.843Z,133.1160999997519
"accelerator/components/Copyright.astro",2023-07-24T13:55:07.846Z,0.004600000102072954
"accelerator/components/NavigationItem.astro",2023-07-24T13:55:07.846Z,0.0032999999821186066
"accelerator/components/NavigationItem.astro",2023-07-24T13:55:07.847Z,0.0024999999441206455
"accelerator/components/NavigationItem.astro",2023-07-24T13:55:07.847Z,0.0034000002779066563
"accelerator/components/NavigationItem.astro",2023-07-24T13:55:07.847Z,0.0026000002399086952
"accelerator/components/NavigationItem.astro",2023-07-24T13:55:07.847Z,0.0023000002838671207
"accelerator/components/FooterItem.astro",2023-07-24T13:55:07.848Z,0.001999999862164259
"accelerator/components/FooterItem.astro",2023-07-24T13:55:07.848Z,0.0019000000320374966
"accelerator/components/FooterItem.astro",2023-07-24T13:55:07.848Z,0.002599999774247408
"accelerator/components/NavigationItem.astro",2023-07-24T13:55:07.850Z,0.0030999998562037945
"accelerator/components/NavigationItem.astro",2023-07-24T13:55:07.850Z,0.0022999998182058334
"accelerator/components/NavigationItem.astro",2023-07-24T13:55:07.850Z,0.00279999990016222
"accelerator/components/NavigationItem.astro",2023-07-24T13:55:07.850Z,0.002400000113993883
"accelerator/components/NavigationItem.astro",2023-07-24T13:55:07.851Z,0.001999999862164259
"accelerator/components/NavigationItem.astro",2023-07-24T13:55:07.851Z,0.0020000003278255463
"accelerator/components/NavigationItem.astro",2023-07-24T13:55:07.851Z,0.0026000002399086952
"accelerator/components/NavigationItem.astro",2023-07-24T13:55:07.851Z,0.002199999988079071
"accelerator/components/NavigationItem.astro",2023-07-24T13:55:07.851Z,0.002400000113993883
"accelerator/components/NavigationItem.astro",2023-07-24T13:55:07.852Z,0.002199999988079071
"accelerator/components/NavigationItem.astro",2023-07-24T13:55:07.852Z,0.0028000003658235073
"accelerator/components/NavigationItem.astro",2023-07-24T13:55:07.852Z,0.002400000113993883
"accelerator/components/NavigationItem.astro",2023-07-24T13:55:07.852Z,0.0027000000700354576
"accelerator/components/NavigationItem.astro",2023-07-24T13:55:07.853Z,0.0029000001959502697
"accelerator/components/NavigationItem.astro",2023-07-24T13:55:07.853Z,0.002400000113993883
"accelerator/components/NavigationItem.astro",2023-07-24T13:55:07.853Z,0.002199999988079071
"accelerator/components/NavigationItem.astro",2023-07-24T13:55:07.853Z,0.0022999998182058334
"accelerator/components/NavigationItem.astro",2023-07-24T13:55:07.853Z,0.002400000113993883
"accelerator/layouts/Default.astro",2023-07-24T13:55:07.908Z,0.7813999997451901
"accelerator/components/SkipLinks.astro",2023-07-24T13:55:07.909Z,0.0026000002399086952
"accelerator/components/Header.astro",2023-07-24T13:55:07.923Z,13.198499999940395
"accelerator/components/Breadcrumbs.astro",2023-07-24T13:55:07.941Z,17.599200000055134
"accelerator/components/Navigation.astro",2023-07-24T13:55:07.981Z,39.430399999953806
"accelerator/components/TableOfContents.astro",2023-07-24T13:55:07.981Z,0.005499999970197678
"accelerator/components/Authors.astro",2023-07-24T13:55:07.992Z,10.53940000012517
"accelerator/components/Taxonomy.astro",2023-07-24T13:55:07.992Z,0.035300000105053186
"accelerator/components/Related.astro",2023-07-24T13:55:07.992Z,0.007499999832361937
"accelerator/components/Footer.astro",2023-07-24T13:55:08.006Z,12.815500000026077
"accelerator/components/HtmlHead.astro",2023-07-24T13:55:08.006Z,97.3159000002779
"accelerator/components/Copyright.astro",2023-07-24T13:55:08.007Z,0.0026000002399086952
"accelerator/components/NavigationItem.astro",2023-07-24T13:55:08.007Z,0.003599999938160181
"accelerator/components/NavigationItem.astro",2023-07-24T13:55:08.007Z,0.003000000026077032
"accelerator/components/NavigationItem.astro",2023-07-24T13:55:08.008Z,0.0034000002779066563
"accelerator/components/NavigationItem.astro",2023-07-24T13:55:08.008Z,0.0029999995604157448
"accelerator/components/NavigationItem.astro",2023-07-24T13:55:08.008Z,0.003100000321865082
"accelerator/components/FooterItem.astro",2023-07-24T13:55:08.008Z,0.002599999774247408
"accelerator/components/FooterItem.astro",2023-07-24T13:55:08.009Z,0.002199999988079071
"accelerator/components/FooterItem.astro",2023-07-24T13:55:08.009Z,0.0022999998182058334
"accelerator/components/NavigationItem.astro",2023-07-24T13:55:08.011Z,0.003200000151991844
"accelerator/components/NavigationItem.astro",2023-07-24T13:55:08.011Z,0.003200000151991844
"accelerator/components/NavigationItem.astro",2023-07-24T13:55:08.011Z,0.0029999995604157448
"accelerator/components/NavigationItem.astro",2023-07-24T13:55:08.012Z,0.003599999938160181
"accelerator/components/NavigationItem.astro",2023-07-24T13:55:08.012Z,0.0027000000700354576
"accelerator/components/NavigationItem.astro",2023-07-24T13:55:08.012Z,0.0027000000700354576
"accelerator/components/NavigationItem.astro",2023-07-24T13:55:08.012Z,0.002400000113993883
"accelerator/components/NavigationItem.astro",2023-07-24T13:55:08.013Z,0.0027000000700354576
"accelerator/components/NavigationItem.astro",2023-07-24T13:55:08.013Z,0.0029000001959502697
"accelerator/components/NavigationItem.astro",2023-07-24T13:55:08.013Z,0.0027000000700354576
"accelerator/components/NavigationItem.astro",2023-07-24T13:55:08.014Z,0.003200000151991844
"accelerator/components/NavigationItem.astro",2023-07-24T13:55:08.014Z,0.003000000026077032
"accelerator/components/NavigationItem.astro",2023-07-24T13:55:08.014Z,0.002599999774247408
"accelerator/components/NavigationItem.astro",2023-07-24T13:55:08.015Z,0.00279999990016222
"accelerator/components/NavigationItem.astro",2023-07-24T13:55:08.015Z,0.0028999997302889824
"accelerator/components/NavigationItem.astro",2023-07-24T13:55:08.015Z,0.0032999999821186066
"accelerator/components/NavigationItem.astro",2023-07-24T13:55:08.015Z,0.0035000001080334187
"accelerator/components/NavigationItem.astro",2023-07-24T13:55:08.016Z,0.0029000001959502697
